{
    "DirectionalLight": {
        "dailyCycleTime": 60.0,
        "daytimeColor": [
            0.9215686321258545,
            0.9176470637321472,
            0.6941176652908325
        ],
        "nightColor": [
            0.10000000149011612,
            0.30000001192092896,
            0.5
        ]
    }
}
