{
    "Enemy": {
        "initHp": 3,
        "runningSpeed": 0.15000000596046448,
        "scale": [
            0.800000011920929,
            0.800000011920929,
            0.800000011920929
        ],
        "shotEnd": 120,
        "shotFrame": 60,
        "threewayRotate": 0.25
    }
}
