{
    "Enemy": {
        "initHp": 3,
        "runningSpeed": 0.1599999964237213,
        "scale": [
            0.800000011920929,
            0.800000011920929,
            0.800000011920929
        ],
        "shotEnd": 65,
        "shotFrame": 62,
        "threewayRotate": 0.5
    }
}
