{
    "GameCamera": {
        "destinationAngleX": 0.30000001192092896,
        "destinationAngleXAddMax": 0.10000000149011612,
        "fieldDown": -2.0,
        "fieldTop": 10.0,
        "moveRate": 0.20000000298023224,
        "offsetHeight": 9.800000190734863,
        "offsetLength": -88.87999725341797,
        "offsetSide": -10.0,
        "rotateRate": 0.10000000149011612
    }
}
