{
    "GameCamera": {
        "destinationAngleX": 0.30000001192092896,
        "moveRate": 0.20000000298023224,
        "offsetHeight": 9.800000190734863,
        "offsetLength": -83.0,
        "rotateRate": 0.10000000149011612
    }
}
