{
    "GameCamera": {
        "destinationAngleX": 0.4000000059604645,
        "moveRate": 0.20000000298023224,
        "offsetHeight": 9.800000190734863,
        "offsetLength": -88.87999725341797,
        "rotateRate": 0.10000000149011612
    }
}
