{
    "UI": {
        "ButtonAStringposition": [
            270.0,
            600.0
        ],
        "ButtonAStringrotate": 0.0,
        "ButtonAStringsize": [
            230.39999389648438,
            80.0
        ],
        "ButtonAalpha": 1.0,
        "ButtonAinputColor": [
            0.20000000298023224,
            0.20000000298023224,
            0.20000000298023224
        ],
        "ButtonAnotInputColor": [
            0.5,
            0.5,
            0.5
        ],
        "ButtonAposition": [
            100.0,
            600.0
        ],
        "ButtonArotate": 0.0,
        "ButtonAsize": [
            64.0,
            64.0
        ],
        "LeftStickStringposition": [
            230.0,
            500.0
        ],
        "LeftStickStringrotate": 0.0,
        "LeftStickStringsize": [
            147.1999969482422,
            80.0
        ],
        "LeftStickalpha": 1.0,
        "LeftStickinputColor": [
            0.8999999761581421,
            0.8999999761581421,
            0.8999999761581421
        ],
        "LeftStickmovingRange": 20.0,
        "LeftSticknotInputColor": [
            0.20000000298023224,
            0.20000000298023224,
            0.20000000298023224
        ],
        "LeftStickposition": [
            100.0,
            500.0
        ],
        "LeftStickrotate": 0.0,
        "LeftSticksize": [
            64.0,
            64.0
        ]
    }
}
